<?xml version="1.0"?>
<opencv_storage>
<cascade>
  <stageType>BOOST</stageType>
  <featureType>HAAR</featureType>
  <height>24</height>
  <width>24</width>
  <stageParams>
    <boostType>GAB</boostType>
    <minHitRate>9.9500000476837158e-01</minHitRate>
    <maxFalseAlarm>5.0000000000000000e-01</maxFalseAlarm>
    <weightTrimRate>9.4999999999999996e-01</weightTrimRate>
    <maxDepth>1</maxDepth>
    <maxWeakCount>100</maxWeakCount></stageParams>
  <featureParams>
    <maxCatCount>0</maxCatCount>
    <featSize>1</featSize>
    <mode>BASIC</mode></featureParams>
  <stageNum>10</stageNum>
  <stages>
    <!-- stage 0 -->
    <_>
      <maxWeakCount>3</maxWeakCount>
      <stageThreshold>-6.7413711547851563e-01</stageThreshold>
      <weakClassifiers>
        <_>
          <internalNodes>
            0 -1 11 -1.2187862396240234e-01</internalNodes>
          <leafValues>
            7.4358975887298584e-01 -8.2692307233810425e-01</leafValues></_>
        <_>
          <internalNodes>
            0 -1 5 -5.5257018655538559e-02</internalNodes>
          <leafValues>
            8.7898081541061401e-01 -5.1234132051467896e-01</leafValues></_>
        <_>
          <internalNodes>
            0 -1 8 3.5079559311270714e-03</internalNodes>
          <leafValues>
            -5.8455568552017212e-01 6.6512727737426758e-01</leafValues></_></weakClassifiers></_>
    <!-- stage 1 -->
    <_>
      <maxWeakCount>3</maxWeakCount>
      <stageThreshold>-6.0570609569549561e-01</stageThreshold>
      <weakClassifiers>
        <_>
          <internalNodes>
            0 -1 0 -4.3299472332000732e-01</internalNodes>
          <leafValues>
            8.7096774578094482e-01 -7.5000000000000000e-01</leafValues></_>
        <_>
          <internalNodes>
            0 -1 21 -2.0468655228614807e-01</internalNodes>
          <leafValues>
            -5.8266562223434448e-01 5.8237636089324951e-01</leafValues></_>
        <_>
          <internalNodes>
            0 -1 15 -4.5702315866947174e-02</internalNodes>
          <leafValues>
            8.5418039560317993e-01 -4.3808248639106750e-01</leafValues></_></weakClassifiers></_>
    <!-- stage 2 -->
    <_>
      <maxWeakCount>3</maxWeakCount>
      <stageThreshold>-6.3925731182098389e-01</stageThreshold>
      <weakClassifiers>
        <_>
          <internalNodes>
            0 -1 1 -4.5182102918624878e-01</internalNodes>
          <leafValues>
            5.2631580829620361e-01 -7.3333334922790527e-01</leafValues></_>
        <_>
          <internalNodes>
            0 -1 13 -4.5678801834583282e-02</internalNodes>
          <leafValues>
            7.3720711469650269e-01 -3.9586579799652100e-01</leafValues></_>
        <_>
          <internalNodes>
            0 -1 7 -2.2964042727835476e-05</internalNodes>
          <leafValues>
            4.8994183540344238e-01 -5.2719819545745850e-01</leafValues></_></weakClassifiers></_>
    <!-- stage 3 -->
    <_>
      <maxWeakCount>4</maxWeakCount>
      <stageThreshold>-4.3820172548294067e-01</stageThreshold>
      <weakClassifiers>
        <_>
          <internalNodes>
            0 -1 14 -7.9802575055509806e-04</internalNodes>
          <leafValues>
            8.0000001192092896e-01 -5.9349590539932251e-01</leafValues></_>
        <_>
          <internalNodes>
            0 -1 18 -2.8313953429460526e-02</internalNodes>
          <leafValues>
            -7.5438565015792847e-01 4.1350746154785156e-01</leafValues></_>
        <_>
          <internalNodes>
            0 -1 9 1.9074766896665096e-03</internalNodes>
          <leafValues>
            3.7462657690048218e-01 -8.3449661731719971e-01</leafValues></_>
        <_>
          <internalNodes>
            0 -1 12 1.8549061496742070e-04</internalNodes>
          <leafValues>
            -4.9659711122512817e-01 5.7628339529037476e-01</leafValues></_></weakClassifiers></_>
    <!-- stage 4 -->
    <_>
      <maxWeakCount>3</maxWeakCount>
      <stageThreshold>-1.2687525749206543e+00</stageThreshold>
      <weakClassifiers>
        <_>
          <internalNodes>
            0 -1 22 -1.2387387454509735e-01</internalNodes>
          <leafValues>
            -9.7402596473693848e-01 2.7272728085517883e-01</leafValues></_>
        <_>
          <internalNodes>
            0 -1 29 -1.2585166841745377e-02</internalNodes>
          <leafValues>
            -6.0208344459533691e-01 7.0341426134109497e-01</leafValues></_>
        <_>
          <internalNodes>
            0 -1 28 -2.5569941848516464e-02</internalNodes>
          <leafValues>
            -1. 3.0735686421394348e-01</leafValues></_></weakClassifiers></_>
    <!-- stage 5 -->
    <_>
      <maxWeakCount>2</maxWeakCount>
      <stageThreshold>-3.0066460371017456e-01</stageThreshold>
      <weakClassifiers>
        <_>
          <internalNodes>
            0 -1 20 -6.3971623778343201e-02</internalNodes>
          <leafValues>
            5.0000000000000000e-01 -7.4757283926010132e-01</leafValues></_>
        <_>
          <internalNodes>
            0 -1 4 -1.1039664968848228e-02</internalNodes>
          <leafValues>
            4.4690820574760437e-01 -7.7809315919876099e-01</leafValues></_></weakClassifiers></_>
    <!-- stage 6 -->
    <_>
      <maxWeakCount>3</maxWeakCount>
      <stageThreshold>-5.9030359983444214e-01</stageThreshold>
      <weakClassifiers>
        <_>
          <internalNodes>
            0 -1 30 -3.4898463636636734e-02</internalNodes>
          <leafValues>
            8.0000001192092896e-01 -5.9349590539932251e-01</leafValues></_>
        <_>
          <internalNodes>
            0 -1 2 -1.7449224367737770e-02</internalNodes>
          <leafValues>
            7.4868649244308472e-01 -4.1126805543899536e-01</leafValues></_>
        <_>
          <internalNodes>
            0 -1 24 -2.7027392387390137e-01</internalNodes>
          <leafValues>
            4.5734724402427673e-01 -7.4549412727355957e-01</leafValues></_></weakClassifiers></_>
    <!-- stage 7 -->
    <_>
      <maxWeakCount>4</maxWeakCount>
      <stageThreshold>-8.2648557424545288e-01</stageThreshold>
      <weakClassifiers>
        <_>
          <internalNodes>
            0 -1 3 -1.0788651183247566e-02</internalNodes>
          <leafValues>
            8.8888889551162720e-01 -5.8399999141693115e-01</leafValues></_>
        <_>
          <internalNodes>
            0 -1 26 1.9669737666845322e-02</internalNodes>
          <leafValues>
            -5.3819257020950317e-01 6.1013084650039673e-01</leafValues></_>
        <_>
          <internalNodes>
            0 -1 10 2.8032287955284119e-02</internalNodes>
          <leafValues>
            -3.1548342108726501e-01 8.8434952497482300e-01</leafValues></_>
        <_>
          <internalNodes>
            0 -1 16 -1.5384992957115173e-01</internalNodes>
          <leafValues>
            -4.7203013300895691e-01 6.1119037866592407e-01</leafValues></_></weakClassifiers></_>
    <!-- stage 8 -->
    <_>
      <maxWeakCount>4</maxWeakCount>
      <stageThreshold>-6.6173624992370605e-01</stageThreshold>
      <weakClassifiers>
        <_>
          <internalNodes>
            0 -1 23 6.3255861401557922e-02</internalNodes>
          <leafValues>
            -6.4102566242218018e-01 6.9230771064758301e-01</leafValues></_>
        <_>
          <internalNodes>
            0 -1 6 2.1841691341251135e-04</internalNodes>
          <leafValues>
            -5.4892927408218384e-01 6.2294614315032959e-01</leafValues></_>
        <_>
          <internalNodes>
            0 -1 19 2.6885143015533686e-03</internalNodes>
          <leafValues>
            -3.9346382021903992e-01 8.3744025230407715e-01</leafValues></_>
        <_>
          <internalNodes>
            0 -1 27 -2.0949412137269974e-02</internalNodes>
          <leafValues>
            9.2168247699737549e-01 -2.3080855607986450e-01</leafValues></_></weakClassifiers></_>
    <!-- stage 9 -->
    <_>
      <maxWeakCount>3</maxWeakCount>
      <stageThreshold>-1.2240209430456161e-01</stageThreshold>
      <weakClassifiers>
        <_>
          <internalNodes>
            0 -1 31 -1.2160059064626694e-02</internalNodes>
          <leafValues>
            8.6666667461395264e-01 -5.4687500000000000e-01</leafValues></_>
        <_>
          <internalNodes>
            0 -1 25 -1.4532880857586861e-02</internalNodes>
          <leafValues>
            2.0600652694702148e-01 -1.</leafValues></_>
        <_>
          <internalNodes>
            0 -1 17 1.7017856240272522e-02</internalNodes>
          <leafValues>
            2.1846637129783630e-01 -1.</leafValues></_></weakClassifiers></_></stages>
  <features>
    <_>
      <rects>
        <_>
          0 0 23 22 -1.</_>
        <_>
          0 11 23 11 2.</_></rects>
      <tilted>0</tilted></_>
    <_>
      <rects>
        <_>
          0 0 24 22 -1.</_>
        <_>
          0 11 24 11 2.</_></rects>
      <tilted>0</tilted></_>
    <_>
      <rects>
        <_>
          0 1 4 19 -1.</_>
        <_>
          2 1 2 19 2.</_></rects>
      <tilted>0</tilted></_>
    <_>
      <rects>
        <_>
          0 8 2 15 -1.</_>
        <_>
          1 8 1 15 2.</_></rects>
      <tilted>0</tilted></_>
    <_>
      <rects>
        <_>
          0 9 1 6 -1.</_>
        <_>
          0 11 1 2 2.</_></rects>
      <tilted>0</tilted></_>
    <_>
      <rects>
        <_>
          0 9 24 8 -1.</_>
        <_>
          0 9 12 4 2.</_>
        <_>
          12 13 12 4 2.</_></rects>
      <tilted>0</tilted></_>
    <_>
      <rects>
        <_>
          0 17 2 2 -1.</_>
        <_>
          0 17 1 1 2.</_>
        <_>
          1 18 1 1 2.</_></rects>
      <tilted>0</tilted></_>
    <_>
      <rects>
        <_>
          1 5 2 2 -1.</_>
        <_>
          1 5 1 1 2.</_>
        <_>
          2 6 1 1 2.</_></rects>
      <tilted>0</tilted></_>
    <_>
      <rects>
        <_>
          3 20 2 4 -1.</_>
        <_>
          3 22 2 2 2.</_></rects>
      <tilted>0</tilted></_>
    <_>
      <rects>
        <_>
          3 22 12 1 -1.</_>
        <_>
          9 22 6 1 2.</_></rects>
      <tilted>0</tilted></_>
    <_>
      <rects>
        <_>
          4 1 8 5 -1.</_>
        <_>
          8 1 4 5 2.</_></rects>
      <tilted>0</tilted></_>
    <_>
      <rects>
        <_>
          4 10 20 12 -1.</_>
        <_>
          4 16 20 6 2.</_></rects>
      <tilted>0</tilted></_>
    <_>
      <rects>
        <_>
          4 22 2 2 -1.</_>
        <_>
          4 22 1 1 2.</_>
        <_>
          5 23 1 1 2.</_></rects>
      <tilted>0</tilted></_>
    <_>
      <rects>
        <_>
          5 0 13 8 -1.</_>
        <_>
          5 4 13 4 2.</_></rects>
      <tilted>0</tilted></_>
    <_>
      <rects>
        <_>
          5 4 2 2 -1.</_>
        <_>
          5 4 1 1 2.</_>
        <_>
          6 5 1 1 2.</_></rects>
      <tilted>0</tilted></_>
    <_>
      <rects>
        <_>
          6 8 15 8 -1.</_>
        <_>
          6 12 15 4 2.</_></rects>
      <tilted>0</tilted></_>
    <_>
      <rects>
        <_>
          7 3 9 9 -1.</_>
        <_>
          7 6 9 3 2.</_></rects>
      <tilted>0</tilted></_>
    <_>
      <rects>
        <_>
          7 21 16 2 -1.</_>
        <_>
          15 21 8 2 2.</_></rects>
      <tilted>0</tilted></_>
    <_>
      <rects>
        <_>
          8 6 1 15 -1.</_>
        <_>
          8 11 1 5 2.</_></rects>
      <tilted>0</tilted></_>
    <_>
      <rects>
        <_>
          8 19 4 5 -1.</_>
        <_>
          10 19 2 5 2.</_></rects>
      <tilted>0</tilted></_>
    <_>
      <rects>
        <_>
          11 0 9 3 -1.</_>
        <_>
          14 0 3 3 2.</_></rects>
      <tilted>0</tilted></_>
    <_>
      <rects>
        <_>
          11 4 9 15 -1.</_>
        <_>
          11 9 9 5 2.</_></rects>
      <tilted>0</tilted></_>
    <_>
      <rects>
        <_>
          11 6 6 9 -1.</_>
        <_>
          13 6 2 9 2.</_></rects>
      <tilted>0</tilted></_>
    <_>
      <rects>
        <_>
          12 4 12 12 -1.</_>
        <_>
          18 4 6 12 2.</_></rects>
      <tilted>0</tilted></_>
    <_>
      <rects>
        <_>
          13 0 10 18 -1.</_>
        <_>
          13 6 10 6 2.</_></rects>
      <tilted>0</tilted></_>
    <_>
      <rects>
        <_>
          13 12 3 4 -1.</_>
        <_>
          14 12 1 4 2.</_></rects>
      <tilted>0</tilted></_>
    <_>
      <rects>
        <_>
          14 11 10 12 -1.</_>
        <_>
          19 11 5 12 2.</_></rects>
      <tilted>0</tilted></_>
    <_>
      <rects>
        <_>
          18 0 4 22 -1.</_>
        <_>
          18 0 2 11 2.</_>
        <_>
          20 11 2 11 2.</_></rects>
      <tilted>0</tilted></_>
    <_>
      <rects>
        <_>
          18 10 3 3 -1.</_>
        <_>
          19 10 1 3 2.</_></rects>
      <tilted>0</tilted></_>
    <_>
      <rects>
        <_>
          19 18 3 3 -1.</_>
        <_>
          19 19 3 1 2.</_></rects>
      <tilted>0</tilted></_>
    <_>
      <rects>
        <_>
          20 1 1 22 -1.</_>
        <_>
          20 12 1 11 2.</_></rects>
      <tilted>0</tilted></_>
    <_>
      <rects>
        <_>
          22 11 1 8 -1.</_>
        <_>
          22 15 1 4 2.</_></rects>
      <tilted>0</tilted></_></features></cascade>
</opencv_storage>
