<?xml version="1.0"?>
<opencv_storage>
<stage6>
  <maxWeakCount>3</maxWeakCount>
  <stageThreshold>-5.9030359983444214e-01</stageThreshold>
  <weakClassifiers>
    <_>
      <internalNodes>
        0 -1 157824 -3.4898463636636734e-02</internalNodes>
      <leafValues>
        8.0000001192092896e-01 -5.9349590539932251e-01</leafValues></_>
    <_>
      <internalNodes>
        0 -1 1244 -1.7449224367737770e-02</internalNodes>
      <leafValues>
        7.4868649244308472e-01 -4.1126805543899536e-01</leafValues></_>
    <_>
      <internalNodes>
        0 -1 128483 -2.7027392387390137e-01</internalNodes>
      <leafValues>
        4.5734724402427673e-01 -7.4549412727355957e-01</leafValues></_></weakClassifiers></stage6>
</opencv_storage>
