<?xml version="1.0"?>
<opencv_storage>
<stage9>
  <maxWeakCount>3</maxWeakCount>
  <stageThreshold>-1.2240209430456161e-01</stageThreshold>
  <weakClassifiers>
    <_>
      <internalNodes>
        0 -1 161844 -1.2160059064626694e-02</internalNodes>
      <leafValues>
        8.6666667461395264e-01 -5.4687500000000000e-01</leafValues></_>
    <_>
      <internalNodes>
        0 -1 132331 -1.4532880857586861e-02</internalNodes>
      <leafValues>
        2.0600652694702148e-01 -1.</leafValues></_>
    <_>
      <internalNodes>
        0 -1 89740 1.7017856240272522e-02</internalNodes>
      <leafValues>
        2.1846637129783630e-01 -1.</leafValues></_></weakClassifiers></stage9>
</opencv_storage>
