<?xml version="1.0"?>
<opencv_storage>
<stage3>
  <maxWeakCount>4</maxWeakCount>
  <stageThreshold>-4.3820172548294067e-01</stageThreshold>
  <weakClassifiers>
    <_>
      <internalNodes>
        0 -1 63573 -7.9802575055509806e-04</internalNodes>
      <leafValues>
        8.0000001192092896e-01 -5.9349590539932251e-01</leafValues></_>
    <_>
      <internalNodes>
        0 -1 93692 -2.8313953429460526e-02</internalNodes>
      <leafValues>
        -7.5438565015792847e-01 4.1350746154785156e-01</leafValues></_>
    <_>
      <internalNodes>
        0 -1 49424 1.9074766896665096e-03</internalNodes>
      <leafValues>
        3.7462657690048218e-01 -8.3449661731719971e-01</leafValues></_>
    <_>
      <internalNodes>
        0 -1 60361 1.8549061496742070e-04</internalNodes>
      <leafValues>
        -4.9659711122512817e-01 5.7628339529037476e-01</leafValues></_></weakClassifiers></stage3>
</opencv_storage>
