<?xml version="1.0"?>
<opencv_storage>
<stage0>
  <maxWeakCount>3</maxWeakCount>
  <stageThreshold>-6.7413711547851563e-01</stageThreshold>
  <weakClassifiers>
    <_>
      <internalNodes>
        0 -1 57198 -1.2187862396240234e-01</internalNodes>
      <leafValues>
        7.4358975887298584e-01 -8.2692307233810425e-01</leafValues></_>
    <_>
      <internalNodes>
        0 -1 8645 -5.5257018655538559e-02</internalNodes>
      <leafValues>
        8.7898081541061401e-01 -5.1234132051467896e-01</leafValues></_>
    <_>
      <internalNodes>
        0 -1 49159 3.5079559311270714e-03</internalNodes>
      <leafValues>
        -5.8455568552017212e-01 6.6512727737426758e-01</leafValues></_></weakClassifiers></stage0>
</opencv_storage>
