<?xml version="1.0"?>
<opencv_storage>
<stage5>
  <maxWeakCount>2</maxWeakCount>
  <stageThreshold>-3.0066460371017456e-01</stageThreshold>
  <weakClassifiers>
    <_>
      <internalNodes>
        0 -1 114584 -6.3971623778343201e-02</internalNodes>
      <leafValues>
        5.0000000000000000e-01 -7.4757283926010132e-01</leafValues></_>
    <_>
      <internalNodes>
        0 -1 8144 -1.1039664968848228e-02</internalNodes>
      <leafValues>
        4.4690820574760437e-01 -7.7809315919876099e-01</leafValues></_></weakClassifiers></stage5>
</opencv_storage>
