<?xml version="1.0"?>
<opencv_storage>
<stage1>
  <maxWeakCount>3</maxWeakCount>
  <stageThreshold>-6.0570609569549561e-01</stageThreshold>
  <weakClassifiers>
    <_>
      <internalNodes>
        0 -1 1082 -4.3299472332000732e-01</internalNodes>
      <leafValues>
        8.7096774578094482e-01 -7.5000000000000000e-01</leafValues></_>
    <_>
      <internalNodes>
        0 -1 116922 -2.0468655228614807e-01</internalNodes>
      <leafValues>
        -5.8266562223434448e-01 5.8237636089324951e-01</leafValues></_>
    <_>
      <internalNodes>
        0 -1 76772 -4.5702315866947174e-02</internalNodes>
      <leafValues>
        8.5418039560317993e-01 -4.3808248639106750e-01</leafValues></_></weakClassifiers></stage1>
</opencv_storage>
