<?xml version="1.0"?>
<opencv_storage>
<stage8>
  <maxWeakCount>4</maxWeakCount>
  <stageThreshold>-6.6173624992370605e-01</stageThreshold>
  <weakClassifiers>
    <_>
      <internalNodes>
        0 -1 123731 6.3255861401557922e-02</internalNodes>
      <leafValues>
        -6.4102566242218018e-01 6.9230771064758301e-01</leafValues></_>
    <_>
      <internalNodes>
        0 -1 12236 2.1841691341251135e-04</internalNodes>
      <leafValues>
        -5.4892927408218384e-01 6.2294614315032959e-01</leafValues></_>
    <_>
      <internalNodes>
        0 -1 98293 2.6885143015533686e-03</internalNodes>
      <leafValues>
        -3.9346382021903992e-01 8.3744025230407715e-01</leafValues></_>
    <_>
      <internalNodes>
        0 -1 152015 -2.0949412137269974e-02</internalNodes>
      <leafValues>
        9.2168247699737549e-01 -2.3080855607986450e-01</leafValues></_></weakClassifiers></stage8>
</opencv_storage>
