<?xml version="1.0"?>
<opencv_storage>
<stage7>
  <maxWeakCount>4</maxWeakCount>
  <stageThreshold>-8.2648557424545288e-01</stageThreshold>
  <weakClassifiers>
    <_>
      <internalNodes>
        0 -1 7457 -1.0788651183247566e-02</internalNodes>
      <leafValues>
        8.8888889551162720e-01 -5.8399999141693115e-01</leafValues></_>
    <_>
      <internalNodes>
        0 -1 137800 1.9669737666845322e-02</internalNodes>
      <leafValues>
        -5.3819257020950317e-01 6.1013084650039673e-01</leafValues></_>
    <_>
      <internalNodes>
        0 -1 50625 2.8032287955284119e-02</internalNodes>
      <leafValues>
        -3.1548342108726501e-01 8.8434952497482300e-01</leafValues></_>
    <_>
      <internalNodes>
        0 -1 83375 -1.5384992957115173e-01</internalNodes>
      <leafValues>
        -4.7203013300895691e-01 6.1119037866592407e-01</leafValues></_></weakClassifiers></stage7>
</opencv_storage>
