<?xml version="1.0"?>
<opencv_storage>
<stage2>
  <maxWeakCount>3</maxWeakCount>
  <stageThreshold>-6.3925731182098389e-01</stageThreshold>
  <weakClassifiers>
    <_>
      <internalNodes>
        0 -1 1102 -4.5182102918624878e-01</internalNodes>
      <leafValues>
        5.2631580829620361e-01 -7.3333334922790527e-01</leafValues></_>
    <_>
      <internalNodes>
        0 -1 61150 -4.5678801834583282e-02</internalNodes>
      <leafValues>
        7.3720711469650269e-01 -3.9586579799652100e-01</leafValues></_>
    <_>
      <internalNodes>
        0 -1 18017 -2.2964042727835476e-05</internalNodes>
      <leafValues>
        4.8994183540344238e-01 -5.2719819545745850e-01</leafValues></_></weakClassifiers></stage2>
</opencv_storage>
