<?xml version="1.0"?>
<opencv_storage>
<stage4>
  <maxWeakCount>3</maxWeakCount>
  <stageThreshold>-1.2687525749206543e+00</stageThreshold>
  <weakClassifiers>
    <_>
      <internalNodes>
        0 -1 117532 -1.2387387454509735e-01</internalNodes>
      <leafValues>
        -9.7402596473693848e-01 2.7272728085517883e-01</leafValues></_>
    <_>
      <internalNodes>
        0 -1 157484 -1.2585166841745377e-02</internalNodes>
      <leafValues>
        -6.0208344459533691e-01 7.0341426134109497e-01</leafValues></_>
    <_>
      <internalNodes>
        0 -1 154098 -2.5569941848516464e-02</internalNodes>
      <leafValues>
        -1. 3.0735686421394348e-01</leafValues></_></weakClassifiers></stage4>
</opencv_storage>
