<?xml version="1.0"?>
<opencv_storage>
<cascade>
  <stageType>BOOST</stageType>
  <featureType>HAAR</featureType>
  <height>24</height>
  <width>24</width>
  <stageParams>
    <boostType>GAB</boostType>
    <minHitRate>9.9500000476837158e-01</minHitRate>
    <maxFalseAlarm>5.0000000000000000e-01</maxFalseAlarm>
    <weightTrimRate>9.4999999999999996e-01</weightTrimRate>
    <maxDepth>1</maxDepth>
    <maxWeakCount>100</maxWeakCount></stageParams>
  <featureParams>
    <maxCatCount>0</maxCatCount>
    <featSize>1</featSize>
    <mode>BASIC</mode></featureParams>
  <stageNum>9</stageNum>
  <stages>
    <!-- stage 0 -->
    <_>
      <maxWeakCount>4</maxWeakCount>
      <stageThreshold>-3.3790978789329529e-01</stageThreshold>
      <weakClassifiers>
        <_>
          <internalNodes>
            0 -1 17 -9.4922870397567749e-02</internalNodes>
          <leafValues>
            5.3333336114883423e-01 -7.8846156597137451e-01</leafValues></_>
        <_>
          <internalNodes>
            0 -1 8 -1.0544332861900330e-01</internalNodes>
          <leafValues>
            5.3429830074310303e-01 -6.6283291578292847e-01</leafValues></_>
        <_>
          <internalNodes>
            0 -1 22 -2.5948332622647285e-03</internalNodes>
          <leafValues>
            -9.6559512615203857e-01 2.9678511619567871e-01</leafValues></_>
        <_>
          <internalNodes>
            0 -1 3 -3.0205424875020981e-02</internalNodes>
          <leafValues>
            9.5312666893005371e-01 -3.8053169846534729e-01</leafValues></_></weakClassifiers></_>
    <!-- stage 1 -->
    <_>
      <maxWeakCount>3</maxWeakCount>
      <stageThreshold>-9.3141317367553711e-01</stageThreshold>
      <weakClassifiers>
        <_>
          <internalNodes>
            0 -1 10 -2.0927362143993378e-02</internalNodes>
          <leafValues>
            -7.6363635063171387e-01 7.5000000000000000e-01</leafValues></_>
        <_>
          <internalNodes>
            0 -1 19 -3.3338502980768681e-03</internalNodes>
          <leafValues>
            7.0483058691024780e-01 -6.2262624502182007e-01</leafValues></_>
        <_>
          <internalNodes>
            0 -1 20 -1.9178859889507294e-02</internalNodes>
          <leafValues>
            -9.2604666948318481e-01 4.5484945178031921e-01</leafValues></_></weakClassifiers></_>
    <!-- stage 2 -->
    <_>
      <maxWeakCount>3</maxWeakCount>
      <stageThreshold>-9.1102838516235352e-01</stageThreshold>
      <weakClassifiers>
        <_>
          <internalNodes>
            0 -1 13 -7.4160816147923470e-03</internalNodes>
          <leafValues>
            1. -7.0940172672271729e-01</leafValues></_>
        <_>
          <internalNodes>
            0 -1 5 -2.3661297559738159e-01</internalNodes>
          <leafValues>
            6.7283040285110474e-01 -6.8131661415100098e-01</leafValues></_>
        <_>
          <internalNodes>
            0 -1 1 -2.4163722991943359e-02</internalNodes>
          <leafValues>
            -7.0476996898651123e-01 4.7968995571136475e-01</leafValues></_></weakClassifiers></_>
    <!-- stage 3 -->
    <_>
      <maxWeakCount>5</maxWeakCount>
      <stageThreshold>-6.0524845123291016e-01</stageThreshold>
      <weakClassifiers>
        <_>
          <internalNodes>
            0 -1 16 -3.0481780413538218e-03</internalNodes>
          <leafValues>
            1. -6.6666668653488159e-01</leafValues></_>
        <_>
          <internalNodes>
            0 -1 23 6.7011686041951180e-04</internalNodes>
          <leafValues>
            -5.7983845472335815e-01 5.9781217575073242e-01</leafValues></_>
        <_>
          <internalNodes>
            0 -1 12 -6.9770172238349915e-02</internalNodes>
          <leafValues>
            -1. 3.2457143068313599e-01</leafValues></_>
        <_>
          <internalNodes>
            0 -1 18 -7.7814602991566062e-04</internalNodes>
          <leafValues>
            8.4047031402587891e-01 -4.2320144176483154e-01</leafValues></_>
        <_>
          <internalNodes>
            0 -1 14 -1.1579509591683745e-03</internalNodes>
          <leafValues>
            8.4444439411163330e-01 -4.3776389956474304e-01</leafValues></_></weakClassifiers></_>
    <!-- stage 4 -->
    <_>
      <maxWeakCount>4</maxWeakCount>
      <stageThreshold>-8.7887078523635864e-01</stageThreshold>
      <weakClassifiers>
        <_>
          <internalNodes>
            0 -1 4 -6.7048385739326477e-02</internalNodes>
          <leafValues>
            8.5714286565780640e-01 -6.4999997615814209e-01</leafValues></_>
        <_>
          <internalNodes>
            0 -1 26 2.2261403501033783e-02</internalNodes>
          <leafValues>
            -4.9190583825111389e-01 7.2064727544784546e-01</leafValues></_>
        <_>
          <internalNodes>
            0 -1 6 8.8712334632873535e-02</internalNodes>
          <leafValues>
            -4.1281098127365112e-01 7.7592837810516357e-01</leafValues></_>
        <_>
          <internalNodes>
            0 -1 25 5.6344550102949142e-04</internalNodes>
          <leafValues>
            -3.9086601138114929e-01 6.7584598064422607e-01</leafValues></_></weakClassifiers></_>
    <!-- stage 5 -->
    <_>
      <maxWeakCount>3</maxWeakCount>
      <stageThreshold>-3.1084325909614563e-01</stageThreshold>
      <weakClassifiers>
        <_>
          <internalNodes>
            0 -1 24 4.8087090253829956e-02</internalNodes>
          <leafValues>
            -6.6386556625366211e-01 8.6666667461395264e-01</leafValues></_>
        <_>
          <internalNodes>
            0 -1 7 -2.5486707687377930e-02</internalNodes>
          <leafValues>
            7.7982962131500244e-01 -5.2262574434280396e-01</leafValues></_>
        <_>
          <internalNodes>
            0 -1 30 -2.3488565348088741e-03</internalNodes>
          <leafValues>
            8.8605087995529175e-01 -4.2680731415748596e-01</leafValues></_></weakClassifiers></_>
    <!-- stage 6 -->
    <_>
      <maxWeakCount>3</maxWeakCount>
      <stageThreshold>-7.6413559913635254e-01</stageThreshold>
      <weakClassifiers>
        <_>
          <internalNodes>
            0 -1 27 2.0992837846279144e-02</internalNodes>
          <leafValues>
            -6.6386556625366211e-01 8.6666667461395264e-01</leafValues></_>
        <_>
          <internalNodes>
            0 -1 29 -1.9364211766514927e-05</internalNodes>
          <leafValues>
            3.8277003169059753e-01 -6.9007635116577148e-01</leafValues></_>
        <_>
          <internalNodes>
            0 -1 11 -1.7770925164222717e-01</internalNodes>
          <leafValues>
            -4.8304006457328796e-01 6.9809699058532715e-01</leafValues></_></weakClassifiers></_>
    <!-- stage 7 -->
    <_>
      <maxWeakCount>2</maxWeakCount>
      <stageThreshold>-2.5464677810668945e-01</stageThreshold>
      <weakClassifiers>
        <_>
          <internalNodes>
            0 -1 15 6.3383262604475021e-03</internalNodes>
          <leafValues>
            -6.5811967849731445e-01 6.4705884456634521e-01</leafValues></_>
        <_>
          <internalNodes>
            0 -1 21 -7.3349505662918091e-02</internalNodes>
          <leafValues>
            4.0347290039062500e-01 -8.9371925592422485e-01</leafValues></_></weakClassifiers></_>
    <!-- stage 8 -->
    <_>
      <maxWeakCount>4</maxWeakCount>
      <stageThreshold>-7.2777640819549561e-01</stageThreshold>
      <weakClassifiers>
        <_>
          <internalNodes>
            0 -1 28 -1.9635641947388649e-03</internalNodes>
          <leafValues>
            1. -6.1290323734283447e-01</leafValues></_>
        <_>
          <internalNodes>
            0 -1 9 -1.5641815843991935e-04</internalNodes>
          <leafValues>
            3.6335897445678711e-01 -8.1023639440536499e-01</leafValues></_>
        <_>
          <internalNodes>
            0 -1 0 -5.7627278566360474e-01</internalNodes>
          <leafValues>
            -9.5111238956451416e-01 2.8310099244117737e-01</leafValues></_>
        <_>
          <internalNodes>
            0 -1 2 -7.6396961230784655e-04</internalNodes>
          <leafValues>
            4.1226226091384888e-01 -6.9105422496795654e-01</leafValues></_></weakClassifiers></_></stages>
  <features>
    <_>
      <rects>
        <_>
          0 1 20 12 -1.</_>
        <_>
          0 5 20 4 2.</_></rects>
      <tilted>0</tilted></_>
    <_>
      <rects>
        <_>
          0 21 15 1 -1.</_>
        <_>
          5 21 5 1 2.</_></rects>
      <tilted>0</tilted></_>
    <_>
      <rects>
        <_>
          1 1 14 2 -1.</_>
        <_>
          1 2 14 1 2.</_></rects>
      <tilted>0</tilted></_>
    <_>
      <rects>
        <_>
          2 2 12 8 -1.</_>
        <_>
          2 2 6 4 2.</_>
        <_>
          8 6 6 4 2.</_></rects>
      <tilted>0</tilted></_>
    <_>
      <rects>
        <_>
          4 0 8 8 -1.</_>
        <_>
          4 4 8 4 2.</_></rects>
      <tilted>0</tilted></_>
    <_>
      <rects>
        <_>
          4 1 20 20 -1.</_>
        <_>
          4 11 20 10 2.</_></rects>
      <tilted>0</tilted></_>
    <_>
      <rects>
        <_>
          4 3 20 16 -1.</_>
        <_>
          4 3 10 8 2.</_>
        <_>
          14 11 10 8 2.</_></rects>
      <tilted>0</tilted></_>
    <_>
      <rects>
        <_>
          6 0 3 3 -1.</_>
        <_>
          7 0 1 3 2.</_></rects>
      <tilted>0</tilted></_>
    <_>
      <rects>
        <_>
          6 2 15 3 -1.</_>
        <_>
          11 2 5 3 2.</_></rects>
      <tilted>0</tilted></_>
    <_>
      <rects>
        <_>
          6 11 4 10 -1.</_>
        <_>
          6 11 2 5 2.</_>
        <_>
          8 16 2 5 2.</_></rects>
      <tilted>0</tilted></_>
    <_>
      <rects>
        <_>
          7 16 15 1 -1.</_>
        <_>
          12 16 5 1 2.</_></rects>
      <tilted>0</tilted></_>
    <_>
      <rects>
        <_>
          8 1 6 18 -1.</_>
        <_>
          10 1 2 18 2.</_></rects>
      <tilted>0</tilted></_>
    <_>
      <rects>
        <_>
          8 3 9 3 -1.</_>
        <_>
          11 3 3 3 2.</_></rects>
      <tilted>0</tilted></_>
    <_>
      <rects>
        <_>
          8 8 8 2 -1.</_>
        <_>
          8 9 8 1 2.</_></rects>
      <tilted>0</tilted></_>
    <_>
      <rects>
        <_>
          9 8 1 2 -1.</_>
        <_>
          9 9 1 1 2.</_></rects>
      <tilted>0</tilted></_>
    <_>
      <rects>
        <_>
          9 10 10 2 -1.</_>
        <_>
          9 10 5 1 2.</_>
        <_>
          14 11 5 1 2.</_></rects>
      <tilted>0</tilted></_>
    <_>
      <rects>
        <_>
          9 17 4 2 -1.</_>
        <_>
          9 18 4 1 2.</_></rects>
      <tilted>0</tilted></_>
    <_>
      <rects>
        <_>
          10 0 10 12 -1.</_>
        <_>
          10 6 10 6 2.</_></rects>
      <tilted>0</tilted></_>
    <_>
      <rects>
        <_>
          11 7 2 2 -1.</_>
        <_>
          11 7 1 1 2.</_>
        <_>
          12 8 1 1 2.</_></rects>
      <tilted>0</tilted></_>
    <_>
      <rects>
        <_>
          11 8 4 2 -1.</_>
        <_>
          11 9 4 1 2.</_></rects>
      <tilted>0</tilted></_>
    <_>
      <rects>
        <_>
          11 15 9 1 -1.</_>
        <_>
          14 15 3 1 2.</_></rects>
      <tilted>0</tilted></_>
    <_>
      <rects>
        <_>
          12 8 6 9 -1.</_>
        <_>
          12 11 6 3 2.</_></rects>
      <tilted>0</tilted></_>
    <_>
      <rects>
        <_>
          12 17 2 6 -1.</_>
        <_>
          13 17 1 6 2.</_></rects>
      <tilted>0</tilted></_>
    <_>
      <rects>
        <_>
          13 17 2 2 -1.</_>
        <_>
          13 18 2 1 2.</_></rects>
      <tilted>0</tilted></_>
    <_>
      <rects>
        <_>
          16 4 8 12 -1.</_>
        <_>
          20 4 4 12 2.</_></rects>
      <tilted>0</tilted></_>
    <_>
      <rects>
        <_>
          16 11 2 2 -1.</_>
        <_>
          16 11 1 1 2.</_>
        <_>
          17 12 1 1 2.</_></rects>
      <tilted>0</tilted></_>
    <_>
      <rects>
        <_>
          18 8 6 9 -1.</_>
        <_>
          21 8 3 9 2.</_></rects>
      <tilted>0</tilted></_>
    <_>
      <rects>
        <_>
          20 10 4 11 -1.</_>
        <_>
          22 10 2 11 2.</_></rects>
      <tilted>0</tilted></_>
    <_>
      <rects>
        <_>
          21 18 2 3 -1.</_>
        <_>
          22 18 1 3 2.</_></rects>
      <tilted>0</tilted></_>
    <_>
      <rects>
        <_>
          22 17 2 2 -1.</_>
        <_>
          22 17 1 1 2.</_>
        <_>
          23 18 1 1 2.</_></rects>
      <tilted>0</tilted></_>
    <_>
      <rects>
        <_>
          22 20 2 3 -1.</_>
        <_>
          23 20 1 3 2.</_></rects>
      <tilted>0</tilted></_></features></cascade>
</opencv_storage>
