<?xml version="1.0"?>
<opencv_storage>
<stage7>
  <maxWeakCount>2</maxWeakCount>
  <stageThreshold>-2.5464677810668945e-01</stageThreshold>
  <weakClassifiers>
    <_>
      <internalNodes>
        0 -1 104200 6.3383262604475021e-03</internalNodes>
      <leafValues>
        -6.5811967849731445e-01 6.4705884456634521e-01</leafValues></_>
    <_>
      <internalNodes>
        0 -1 125307 -7.3349505662918091e-02</internalNodes>
      <leafValues>
        4.0347290039062500e-01 -8.9371925592422485e-01</leafValues></_></weakClassifiers></stage7>
</opencv_storage>
