<?xml version="1.0"?>
<opencv_storage>
<stage6>
  <maxWeakCount>3</maxWeakCount>
  <stageThreshold>-7.6413559913635254e-01</stageThreshold>
  <weakClassifiers>
    <_>
      <internalNodes>
        0 -1 159077 2.0992837846279144e-02</internalNodes>
      <leafValues>
        -6.6386556625366211e-01 8.6666667461395264e-01</leafValues></_>
    <_>
      <internalNodes>
        0 -1 162025 -1.9364211766514927e-05</internalNodes>
      <leafValues>
        3.8277003169059753e-01 -6.9007635116577148e-01</leafValues></_>
    <_>
      <internalNodes>
        0 -1 90691 -1.7770925164222717e-01</internalNodes>
      <leafValues>
        -4.8304006457328796e-01 6.9809699058532715e-01</leafValues></_></weakClassifiers></stage6>
</opencv_storage>
