<?xml version="1.0"?>
<opencv_storage>
<stage0>
  <maxWeakCount>4</maxWeakCount>
  <stageThreshold>-3.3790978789329529e-01</stageThreshold>
  <weakClassifiers>
    <_>
      <internalNodes>
        0 -1 107338 -9.4922870397567749e-02</internalNodes>
      <leafValues>
        5.3333336114883423e-01 -7.8846156597137451e-01</leafValues></_>
    <_>
      <internalNodes>
        0 -1 72616 -1.0544332861900330e-01</internalNodes>
      <leafValues>
        5.3429830074310303e-01 -6.6283291578292847e-01</leafValues></_>
    <_>
      <internalNodes>
        0 -1 127478 -2.5948332622647285e-03</internalNodes>
      <leafValues>
        -9.6559512615203857e-01 2.9678511619567871e-01</leafValues></_>
    <_>
      <internalNodes>
        0 -1 28123 -3.0205424875020981e-02</internalNodes>
      <leafValues>
        9.5312666893005371e-01 -3.8053169846534729e-01</leafValues></_></weakClassifiers></stage0>
</opencv_storage>
