<?xml version="1.0"?>
<opencv_storage>
<stage4>
  <maxWeakCount>4</maxWeakCount>
  <stageThreshold>-8.7887078523635864e-01</stageThreshold>
  <weakClassifiers>
    <_>
      <internalNodes>
        0 -1 50025 -6.7048385739326477e-02</internalNodes>
      <leafValues>
        8.5714286565780640e-01 -6.4999997615814209e-01</leafValues></_>
    <_>
      <internalNodes>
        0 -1 153871 2.2261403501033783e-02</internalNodes>
      <leafValues>
        -4.9190583825111389e-01 7.2064727544784546e-01</leafValues></_>
    <_>
      <internalNodes>
        0 -1 52628 8.8712334632873535e-02</internalNodes>
      <leafValues>
        -4.1281098127365112e-01 7.7592837810516357e-01</leafValues></_>
    <_>
      <internalNodes>
        0 -1 147046 5.6344550102949142e-04</internalNodes>
      <leafValues>
        -3.9086601138114929e-01 6.7584598064422607e-01</leafValues></_></weakClassifiers></stage4>
</opencv_storage>
