<?xml version="1.0"?>
<opencv_storage>
<stage8>
  <maxWeakCount>4</maxWeakCount>
  <stageThreshold>-7.2777640819549561e-01</stageThreshold>
  <weakClassifiers>
    <_>
      <internalNodes>
        0 -1 161101 -1.9635641947388649e-03</internalNodes>
      <leafValues>
        1. -6.1290323734283447e-01</leafValues></_>
    <_>
      <internalNodes>
        0 -1 77858 -1.5641815843991935e-04</internalNodes>
      <leafValues>
        3.6335897445678711e-01 -8.1023639440536499e-01</leafValues></_>
    <_>
      <internalNodes>
        0 -1 2045 -5.7627278566360474e-01</internalNodes>
      <leafValues>
        -9.5111238956451416e-01 2.8310099244117737e-01</leafValues></_>
    <_>
      <internalNodes>
        0 -1 15185 -7.6396961230784655e-04</internalNodes>
      <leafValues>
        4.1226226091384888e-01 -6.9105422496795654e-01</leafValues></_></weakClassifiers></stage8>
</opencv_storage>
