<?xml version="1.0"?>
<opencv_storage>
<stage1>
  <maxWeakCount>3</maxWeakCount>
  <stageThreshold>-9.3141317367553711e-01</stageThreshold>
  <weakClassifiers>
    <_>
      <internalNodes>
        0 -1 88909 -2.0927362143993378e-02</internalNodes>
      <leafValues>
        -7.6363635063171387e-01 7.5000000000000000e-01</leafValues></_>
    <_>
      <internalNodes>
        0 -1 118408 -3.3338502980768681e-03</internalNodes>
      <leafValues>
        7.0483058691024780e-01 -6.2262624502182007e-01</leafValues></_>
    <_>
      <internalNodes>
        0 -1 120418 -1.9178859889507294e-02</internalNodes>
      <leafValues>
        -9.2604666948318481e-01 4.5484945178031921e-01</leafValues></_></weakClassifiers></stage1>
</opencv_storage>
