<?xml version="1.0"?>
<opencv_storage>
<stage5>
  <maxWeakCount>3</maxWeakCount>
  <stageThreshold>-3.1084325909614563e-01</stageThreshold>
  <weakClassifiers>
    <_>
      <internalNodes>
        0 -1 145551 4.8087090253829956e-02</internalNodes>
      <leafValues>
        -6.6386556625366211e-01 8.6666667461395264e-01</leafValues></_>
    <_>
      <internalNodes>
        0 -1 70728 -2.5486707687377930e-02</internalNodes>
      <leafValues>
        7.7982962131500244e-01 -5.2262574434280396e-01</leafValues></_>
    <_>
      <internalNodes>
        0 -1 162081 -2.3488565348088741e-03</internalNodes>
      <leafValues>
        8.8605087995529175e-01 -4.2680731415748596e-01</leafValues></_></weakClassifiers></stage5>
</opencv_storage>
