<?xml version="1.0"?>
<opencv_storage>
<stage3>
  <maxWeakCount>5</maxWeakCount>
  <stageThreshold>-6.0524845123291016e-01</stageThreshold>
  <weakClassifiers>
    <_>
      <internalNodes>
        0 -1 106162 -3.0481780413538218e-03</internalNodes>
      <leafValues>
        1. -6.6666668653488159e-01</leafValues></_>
    <_>
      <internalNodes>
        0 -1 133286 6.7011686041951180e-04</internalNodes>
      <leafValues>
        -5.7983845472335815e-01 5.9781217575073242e-01</leafValues></_>
    <_>
      <internalNodes>
        0 -1 92039 -6.9770172238349915e-02</internalNodes>
      <leafValues>
        -1. 3.2457143068313599e-01</leafValues></_>
    <_>
      <internalNodes>
        0 -1 117865 -7.7814602991566062e-04</internalNodes>
      <leafValues>
        8.4047031402587891e-01 -4.2320144176483154e-01</leafValues></_>
    <_>
      <internalNodes>
        0 -1 103161 -1.1579509591683745e-03</internalNodes>
      <leafValues>
        8.4444439411163330e-01 -4.3776389956474304e-01</leafValues></_></weakClassifiers></stage3>
</opencv_storage>
