<?xml version="1.0"?>
<opencv_storage>
<stage2>
  <maxWeakCount>3</maxWeakCount>
  <stageThreshold>-9.1102838516235352e-01</stageThreshold>
  <weakClassifiers>
    <_>
      <internalNodes>
        0 -1 95048 -7.4160816147923470e-03</internalNodes>
      <leafValues>
        1. -7.0940172672271729e-01</leafValues></_>
    <_>
      <internalNodes>
        0 -1 51216 -2.3661297559738159e-01</internalNodes>
      <leafValues>
        6.7283040285110474e-01 -6.8131661415100098e-01</leafValues></_>
    <_>
      <internalNodes>
        0 -1 13214 -2.4163722991943359e-02</internalNodes>
      <leafValues>
        -7.0476996898651123e-01 4.7968995571136475e-01</leafValues></_></weakClassifiers></stage2>
</opencv_storage>
