<?xml version="1.0"?>
<opencv_storage>
<cascade>
  <stageType>BOOST</stageType>
  <featureType>HAAR</featureType>
  <height>24</height>
  <width>24</width>
  <stageParams>
    <boostType>GAB</boostType>
    <minHitRate>9.9500000476837158e-01</minHitRate>
    <maxFalseAlarm>5.0000000000000000e-01</maxFalseAlarm>
    <weightTrimRate>9.4999999999999996e-01</weightTrimRate>
    <maxDepth>1</maxDepth>
    <maxWeakCount>100</maxWeakCount></stageParams>
  <featureParams>
    <maxCatCount>0</maxCatCount>
    <featSize>1</featSize>
    <mode>BASIC</mode></featureParams>
  <stageNum>7</stageNum>
  <stages>
    <!-- stage 0 -->
    <_>
      <maxWeakCount>2</maxWeakCount>
      <stageThreshold>-2.6279452443122864e-01</stageThreshold>
      <weakClassifiers>
        <_>
          <internalNodes>
            0 -1 1 -1.9783124327659607e-02</internalNodes>
          <leafValues>
            5.2380955219268799e-01 -8.9999997615814209e-01</leafValues></_>
        <_>
          <internalNodes>
            0 -1 9 -1.4753431081771851e-01</internalNodes>
          <leafValues>
            7.4163162708282471e-01 -7.8660404682159424e-01</leafValues></_></weakClassifiers></_>
    <!-- stage 1 -->
    <_>
      <maxWeakCount>3</maxWeakCount>
      <stageThreshold>-7.7566534280776978e-01</stageThreshold>
      <weakClassifiers>
        <_>
          <internalNodes>
            0 -1 8 -1.0592158883810043e-01</internalNodes>
          <leafValues>
            6.9230771064758301e-01 -8.1481480598449707e-01</leafValues></_>
        <_>
          <internalNodes>
            0 -1 4 -2.4199441075325012e-02</internalNodes>
          <leafValues>
            -7.8176850080490112e-01 6.7516380548477173e-01</leafValues></_>
        <_>
          <internalNodes>
            0 -1 11 -3.4314587712287903e-02</internalNodes>
          <leafValues>
            8.2091802358627319e-01 -5.1168358325958252e-01</leafValues></_></weakClassifiers></_>
    <!-- stage 2 -->
    <_>
      <maxWeakCount>4</maxWeakCount>
      <stageThreshold>-5.5689680576324463e-01</stageThreshold>
      <weakClassifiers>
        <_>
          <internalNodes>
            0 -1 5 -1.5091493725776672e-02</internalNodes>
          <leafValues>
            1. -7.5438594818115234e-01</leafValues></_>
        <_>
          <internalNodes>
            0 -1 13 -5.5107124149799347e-02</internalNodes>
          <leafValues>
            4.4189086556434631e-01 -7.9459089040756226e-01</leafValues></_>
        <_>
          <internalNodes>
            0 -1 14 -7.1726550231687725e-05</internalNodes>
          <leafValues>
            -7.5192588567733765e-01 4.8840284347534180e-01</leafValues></_>
        <_>
          <internalNodes>
            0 -1 3 -1.8718028441071510e-03</internalNodes>
          <leafValues>
            5.2394688129425049e-01 -7.3280453681945801e-01</leafValues></_></weakClassifiers></_>
    <!-- stage 3 -->
    <_>
      <maxWeakCount>3</maxWeakCount>
      <stageThreshold>-1.0301588773727417e+00</stageThreshold>
      <weakClassifiers>
        <_>
          <internalNodes>
            0 -1 16 6.1172572895884514e-03</internalNodes>
          <leafValues>
            -7.8378379344940186e-01 8.0000001192092896e-01</leafValues></_>
        <_>
          <internalNodes>
            0 -1 6 7.0093716494739056e-03</internalNodes>
          <leafValues>
            -7.3177057504653931e-01 5.9375667572021484e-01</leafValues></_>
        <_>
          <internalNodes>
            0 -1 2 1.1425408301874995e-03</internalNodes>
          <leafValues>
            4.8539543151855469e-01 -8.8537883758544922e-01</leafValues></_></weakClassifiers></_>
    <!-- stage 4 -->
    <_>
      <maxWeakCount>2</maxWeakCount>
      <stageThreshold>-4.2279043793678284e-01</stageThreshold>
      <weakClassifiers>
        <_>
          <internalNodes>
            0 -1 0 -5.0429208204150200e-03</internalNodes>
          <leafValues>
            1. -7.8571426868438721e-01</leafValues></_>
        <_>
          <internalNodes>
            0 -1 10 8.5470490157604218e-03</internalNodes>
          <leafValues>
            -1. 3.6292383074760437e-01</leafValues></_></weakClassifiers></_>
    <!-- stage 5 -->
    <_>
      <maxWeakCount>2</maxWeakCount>
      <stageThreshold>-3.0017235875129700e-01</stageThreshold>
      <weakClassifiers>
        <_>
          <internalNodes>
            0 -1 7 -2.2318493574857712e-03</internalNodes>
          <leafValues>
            5.0000000000000000e-01 -8.2857143878936768e-01</leafValues></_>
        <_>
          <internalNodes>
            0 -1 15 4.3493602424860001e-03</internalNodes>
          <leafValues>
            -8.0017238855361938e-01 6.5492731332778931e-01</leafValues></_></weakClassifiers></_>
    <!-- stage 6 -->
    <_>
      <maxWeakCount>1</maxWeakCount>
      <stageThreshold>-2.3255813866853714e-02</stageThreshold>
      <weakClassifiers>
        <_>
          <internalNodes>
            0 -1 12 -1.8190398812294006e-02</internalNodes>
          <leafValues>
            -1. -2.3255813866853714e-02</leafValues></_></weakClassifiers></_></stages>
  <features>
    <_>
      <rects>
        <_>
          0 5 2 7 -1.</_>
        <_>
          1 5 1 7 2.</_></rects>
      <tilted>0</tilted></_>
    <_>
      <rects>
        <_>
          0 13 3 10 -1.</_>
        <_>
          0 18 3 5 2.</_></rects>
      <tilted>0</tilted></_>
    <_>
      <rects>
        <_>
          1 0 2 16 -1.</_>
        <_>
          1 8 2 8 2.</_></rects>
      <tilted>0</tilted></_>
    <_>
      <rects>
        <_>
          1 15 2 8 -1.</_>
        <_>
          2 15 1 8 2.</_></rects>
      <tilted>0</tilted></_>
    <_>
      <rects>
        <_>
          1 21 7 3 -1.</_>
        <_>
          1 22 7 1 2.</_></rects>
      <tilted>0</tilted></_>
    <_>
      <rects>
        <_>
          3 22 21 2 -1.</_>
        <_>
          3 23 21 1 2.</_></rects>
      <tilted>0</tilted></_>
    <_>
      <rects>
        <_>
          5 3 2 18 -1.</_>
        <_>
          5 3 1 9 2.</_>
        <_>
          6 12 1 9 2.</_></rects>
      <tilted>0</tilted></_>
    <_>
      <rects>
        <_>
          5 10 4 1 -1.</_>
        <_>
          7 10 2 1 2.</_></rects>
      <tilted>0</tilted></_>
    <_>
      <rects>
        <_>
          7 0 16 10 -1.</_>
        <_>
          7 5 16 5 2.</_></rects>
      <tilted>0</tilted></_>
    <_>
      <rects>
        <_>
          10 6 13 18 -1.</_>
        <_>
          10 15 13 9 2.</_></rects>
      <tilted>0</tilted></_>
    <_>
      <rects>
        <_>
          13 1 10 5 -1.</_>
        <_>
          18 1 5 5 2.</_></rects>
      <tilted>0</tilted></_>
    <_>
      <rects>
        <_>
          17 2 6 8 -1.</_>
        <_>
          17 6 6 4 2.</_></rects>
      <tilted>0</tilted></_>
    <_>
      <rects>
        <_>
          19 15 1 9 -1.</_>
        <_>
          19 18 1 3 2.</_></rects>
      <tilted>0</tilted></_>
    <_>
      <rects>
        <_>
          21 0 2 24 -1.</_>
        <_>
          21 12 2 12 2.</_></rects>
      <tilted>0</tilted></_>
    <_>
      <rects>
        <_>
          22 0 2 2 -1.</_>
        <_>
          23 0 1 2 2.</_></rects>
      <tilted>0</tilted></_>
    <_>
      <rects>
        <_>
          22 6 2 16 -1.</_>
        <_>
          23 6 1 16 2.</_></rects>
      <tilted>0</tilted></_>
    <_>
      <rects>
        <_>
          22 13 2 5 -1.</_>
        <_>
          23 13 1 5 2.</_></rects>
      <tilted>0</tilted></_></features></cascade>
</opencv_storage>
