<?xml version="1.0"?>
<opencv_storage>
<stage5>
  <maxWeakCount>2</maxWeakCount>
  <stageThreshold>-3.0017235875129700e-01</stageThreshold>
  <weakClassifiers>
    <_>
      <internalNodes>
        0 -1 67245 -2.2318493574857712e-03</internalNodes>
      <leafValues>
        5.0000000000000000e-01 -8.2857143878936768e-01</leafValues></_>
    <_>
      <internalNodes>
        0 -1 161623 4.3493602424860001e-03</internalNodes>
      <leafValues>
        -8.0017238855361938e-01 6.5492731332778931e-01</leafValues></_></weakClassifiers></stage5>
</opencv_storage>
