<?xml version="1.0"?>
<opencv_storage>
<stage3>
  <maxWeakCount>3</maxWeakCount>
  <stageThreshold>-1.0301588773727417e+00</stageThreshold>
  <weakClassifiers>
    <_>
      <internalNodes>
        0 -1 161923 6.1172572895884514e-03</internalNodes>
      <leafValues>
        -7.8378379344940186e-01 8.0000001192092896e-01</leafValues></_>
    <_>
      <internalNodes>
        0 -1 62883 7.0093716494739056e-03</internalNodes>
      <leafValues>
        -7.3177057504653931e-01 5.9375667572021484e-01</leafValues></_>
    <_>
      <internalNodes>
        0 -1 13508 1.1425408301874995e-03</internalNodes>
      <leafValues>
        4.8539543151855469e-01 -8.8537883758544922e-01</leafValues></_></weakClassifiers></stage3>
</opencv_storage>
