<?xml version="1.0"?>
<opencv_storage>
<stage2>
  <maxWeakCount>4</maxWeakCount>
  <stageThreshold>-5.5689680576324463e-01</stageThreshold>
  <weakClassifiers>
    <_>
      <internalNodes>
        0 -1 49458 -1.5091493725776672e-02</internalNodes>
      <leafValues>
        1. -7.5438594818115234e-01</leafValues></_>
    <_>
      <internalNodes>
        0 -1 159831 -5.5107124149799347e-02</internalNodes>
      <leafValues>
        4.4189086556434631e-01 -7.9459089040756226e-01</leafValues></_>
    <_>
      <internalNodes>
        0 -1 161188 -7.1726550231687725e-05</internalNodes>
      <leafValues>
        -7.5192588567733765e-01 4.8840284347534180e-01</leafValues></_>
    <_>
      <internalNodes>
        0 -1 24063 -1.8718028441071510e-03</internalNodes>
      <leafValues>
        5.2394688129425049e-01 -7.3280453681945801e-01</leafValues></_></weakClassifiers></stage2>
</opencv_storage>
