<?xml version="1.0"?>
<opencv_storage>
<stage0>
  <maxWeakCount>2</maxWeakCount>
  <stageThreshold>-2.6279452443122864e-01</stageThreshold>
  <weakClassifiers>
    <_>
      <internalNodes>
        0 -1 10650 -1.9783124327659607e-02</internalNodes>
      <leafValues>
        5.2380955219268799e-01 -8.9999997615814209e-01</leafValues></_>
    <_>
      <internalNodes>
        0 -1 110571 -1.4753431081771851e-01</internalNodes>
      <leafValues>
        7.4163162708282471e-01 -7.8660404682159424e-01</leafValues></_></weakClassifiers></stage0>
</opencv_storage>
