<?xml version="1.0"?>
<opencv_storage>
<stage1>
  <maxWeakCount>3</maxWeakCount>
  <stageThreshold>-7.7566534280776978e-01</stageThreshold>
  <weakClassifiers>
    <_>
      <internalNodes>
        0 -1 81476 -1.0592158883810043e-01</internalNodes>
      <leafValues>
        6.9230771064758301e-01 -8.1481480598449707e-01</leafValues></_>
    <_>
      <internalNodes>
        0 -1 25662 -2.4199441075325012e-02</internalNodes>
      <leafValues>
        -7.8176850080490112e-01 6.7516380548477173e-01</leafValues></_>
    <_>
      <internalNodes>
        0 -1 149109 -3.4314587712287903e-02</internalNodes>
      <leafValues>
        8.2091802358627319e-01 -5.1168358325958252e-01</leafValues></_></weakClassifiers></stage1>
</opencv_storage>
