<?xml version="1.0"?>
<opencv_storage>
<stage4>
  <maxWeakCount>2</maxWeakCount>
  <stageThreshold>-4.2279043793678284e-01</stageThreshold>
  <weakClassifiers>
    <_>
      <internalNodes>
        0 -1 5014 -5.0429208204150200e-03</internalNodes>
      <leafValues>
        1. -7.8571426868438721e-01</leafValues></_>
    <_>
      <internalNodes>
        0 -1 128805 8.5470490157604218e-03</internalNodes>
      <leafValues>
        -1. 3.6292383074760437e-01</leafValues></_></weakClassifiers></stage4>
</opencv_storage>
