<?xml version="1.0"?>
<opencv_storage>
<cascade>
  <stageType>BOOST</stageType>
  <featureType>HAAR</featureType>
  <height>24</height>
  <width>24</width>
  <stageParams>
    <boostType>GAB</boostType>
    <minHitRate>9.9500000476837158e-01</minHitRate>
    <maxFalseAlarm>5.0000000000000000e-01</maxFalseAlarm>
    <weightTrimRate>9.4999999999999996e-01</weightTrimRate>
    <maxDepth>1</maxDepth>
    <maxWeakCount>100</maxWeakCount></stageParams>
  <featureParams>
    <maxCatCount>0</maxCatCount>
    <featSize>1</featSize>
    <mode>BASIC</mode></featureParams>
  <stageNum>7</stageNum>
  <stages>
    <!-- stage 0 -->
    <_>
      <maxWeakCount>3</maxWeakCount>
      <stageThreshold>-9.4135457277297974e-01</stageThreshold>
      <weakClassifiers>
        <_>
          <internalNodes>
            0 -1 1 -7.9771660268306732e-02</internalNodes>
          <leafValues>
            1. -8.6915886402130127e-01</leafValues></_>
        <_>
          <internalNodes>
            0 -1 6 -9.6755877137184143e-02</internalNodes>
          <leafValues>
            7.9017275571823120e-01 -8.8813269138336182e-01</leafValues></_>
        <_>
          <internalNodes>
            0 -1 8 -4.1956245899200439e-02</internalNodes>
          <leafValues>
            8.1593698263168335e-01 -5.9434664249420166e-01</leafValues></_></weakClassifiers></_>
    <!-- stage 1 -->
    <_>
      <maxWeakCount>2</maxWeakCount>
      <stageThreshold>-4.8975062370300293e-01</stageThreshold>
      <weakClassifiers>
        <_>
          <internalNodes>
            0 -1 14 -1.1272144503891468e-02</internalNodes>
          <leafValues>
            -8.8461536169052124e-01 6.0000002384185791e-01</leafValues></_>
        <_>
          <internalNodes>
            0 -1 12 8.2484623417258263e-03</internalNodes>
          <leafValues>
            -8.6221498250961304e-01 3.9486473798751831e-01</leafValues></_></weakClassifiers></_>
    <!-- stage 2 -->
    <_>
      <maxWeakCount>2</maxWeakCount>
      <stageThreshold>-3.3499306440353394e-01</stageThreshold>
      <weakClassifiers>
        <_>
          <internalNodes>
            0 -1 3 -2.3184216022491455e-01</internalNodes>
          <leafValues>
            1. -8.5185188055038452e-01</leafValues></_>
        <_>
          <internalNodes>
            0 -1 2 -8.0648593604564667e-02</internalNodes>
          <leafValues>
            5.1685881614685059e-01 -1.</leafValues></_></weakClassifiers></_>
    <!-- stage 3 -->
    <_>
      <maxWeakCount>3</maxWeakCount>
      <stageThreshold>-1.2821357250213623e+00</stageThreshold>
      <weakClassifiers>
        <_>
          <internalNodes>
            0 -1 9 1.6934620216488838e-03</internalNodes>
          <leafValues>
            -8.5185188055038452e-01 1.</leafValues></_>
        <_>
          <internalNodes>
            0 -1 13 -7.4924528598785400e-02</internalNodes>
          <leafValues>
            -8.8955628871917725e-01 7.3009330034255981e-01</leafValues></_>
        <_>
          <internalNodes>
            0 -1 7 -2.6029911637306213e-01</internalNodes>
          <leafValues>
            -8.9154607057571411e-01 4.5927241444587708e-01</leafValues></_></weakClassifiers></_>
    <!-- stage 4 -->
    <_>
      <maxWeakCount>2</maxWeakCount>
      <stageThreshold>-4.0375572443008423e-01</stageThreshold>
      <weakClassifiers>
        <_>
          <internalNodes>
            0 -1 0 2.7229735627770424e-02</internalNodes>
          <leafValues>
            -8.3486241102218628e-01 1.</leafValues></_>
        <_>
          <internalNodes>
            0 -1 17 -2.2594858892261982e-03</internalNodes>
          <leafValues>
            -1. 4.3110665678977966e-01</leafValues></_></weakClassifiers></_>
    <!-- stage 5 -->
    <_>
      <maxWeakCount>3</maxWeakCount>
      <stageThreshold>-1.1536759138107300e+00</stageThreshold>
      <weakClassifiers>
        <_>
          <internalNodes>
            0 -1 11 3.6357026547193527e-03</internalNodes>
          <leafValues>
            -8.4905660152435303e-01 5.0000000000000000e-01</leafValues></_>
        <_>
          <internalNodes>
            0 -1 15 -2.9068104922771454e-03</internalNodes>
          <leafValues>
            6.1901056766510010e-01 -7.4755489826202393e-01</leafValues></_>
        <_>
          <internalNodes>
            0 -1 10 -1.2506092898547649e-03</internalNodes>
          <leafValues>
            4.4293558597564697e-01 -1.</leafValues></_></weakClassifiers></_>
    <!-- stage 6 -->
    <_>
      <maxWeakCount>3</maxWeakCount>
      <stageThreshold>-1.1088961362838745e+00</stageThreshold>
      <weakClassifiers>
        <_>
          <internalNodes>
            0 -1 5 -1.6507959365844727e-01</internalNodes>
          <leafValues>
            1. -8.5185188055038452e-01</leafValues></_>
        <_>
          <internalNodes>
            0 -1 16 3.4013944678008556e-03</internalNodes>
          <leafValues>
            -8.8612258434295654e-01 6.2073177099227905e-01</leafValues></_>
        <_>
          <internalNodes>
            0 -1 4 -5.4770917631685734e-04</internalNodes>
          <leafValues>
            6.2907832860946655e-01 -7.9908949136734009e-01</leafValues></_></weakClassifiers></_></stages>
  <features>
    <_>
      <rects>
        <_>
          0 0 6 3 -1.</_>
        <_>
          3 0 3 3 2.</_></rects>
      <tilted>0</tilted></_>
    <_>
      <rects>
        <_>
          0 0 10 16 -1.</_>
        <_>
          0 0 5 8 2.</_>
        <_>
          5 8 5 8 2.</_></rects>
      <tilted>0</tilted></_>
    <_>
      <rects>
        <_>
          0 4 24 16 -1.</_>
        <_>
          0 4 12 8 2.</_>
        <_>
          12 12 12 8 2.</_></rects>
      <tilted>0</tilted></_>
    <_>
      <rects>
        <_>
          0 5 19 18 -1.</_>
        <_>
          0 14 19 9 2.</_></rects>
      <tilted>0</tilted></_>
    <_>
      <rects>
        <_>
          0 12 11 2 -1.</_>
        <_>
          0 13 11 1 2.</_></rects>
      <tilted>0</tilted></_>
    <_>
      <rects>
        <_>
          2 0 12 12 -1.</_>
        <_>
          8 0 6 12 2.</_></rects>
      <tilted>0</tilted></_>
    <_>
      <rects>
        <_>
          2 4 18 2 -1.</_>
        <_>
          8 4 6 2 2.</_></rects>
      <tilted>0</tilted></_>
    <_>
      <rects>
        <_>
          4 16 18 7 -1.</_>
        <_>
          10 16 6 7 2.</_></rects>
      <tilted>0</tilted></_>
    <_>
      <rects>
        <_>
          5 0 4 10 -1.</_>
        <_>
          5 5 4 5 2.</_></rects>
      <tilted>0</tilted></_>
    <_>
      <rects>
        <_>
          7 4 2 2 -1.</_>
        <_>
          7 4 1 1 2.</_>
        <_>
          8 5 1 1 2.</_></rects>
      <tilted>0</tilted></_>
    <_>
      <rects>
        <_>
          9 1 3 4 -1.</_>
        <_>
          9 3 3 2 2.</_></rects>
      <tilted>0</tilted></_>
    <_>
      <rects>
        <_>
          9 4 2 4 -1.</_>
        <_>
          9 4 1 2 2.</_>
        <_>
          10 6 1 2 2.</_></rects>
      <tilted>0</tilted></_>
    <_>
      <rects>
        <_>
          9 12 9 6 -1.</_>
        <_>
          9 15 9 3 2.</_></rects>
      <tilted>0</tilted></_>
    <_>
      <rects>
        <_>
          11 4 3 15 -1.</_>
        <_>
          11 9 3 5 2.</_></rects>
      <tilted>0</tilted></_>
    <_>
      <rects>
        <_>
          11 12 9 1 -1.</_>
        <_>
          14 12 3 1 2.</_></rects>
      <tilted>0</tilted></_>
    <_>
      <rects>
        <_>
          11 19 10 2 -1.</_>
        <_>
          11 19 5 1 2.</_>
        <_>
          16 20 5 1 2.</_></rects>
      <tilted>0</tilted></_>
    <_>
      <rects>
        <_>
          12 11 2 7 -1.</_>
        <_>
          13 11 1 7 2.</_></rects>
      <tilted>0</tilted></_>
    <_>
      <rects>
        <_>
          19 5 5 12 -1.</_>
        <_>
          19 11 5 6 2.</_></rects>
      <tilted>0</tilted></_></features></cascade>
</opencv_storage>
