<?xml version="1.0"?>
<opencv_storage>
<stage6>
  <maxWeakCount>3</maxWeakCount>
  <stageThreshold>-1.1088961362838745e+00</stageThreshold>
  <weakClassifiers>
    <_>
      <internalNodes>
        0 -1 26256 -1.6507959365844727e-01</internalNodes>
      <leafValues>
        1. -8.5185188055038452e-01</leafValues></_>
    <_>
      <internalNodes>
        0 -1 126090 3.4013944678008556e-03</internalNodes>
      <leafValues>
        -8.8612258434295654e-01 6.2073177099227905e-01</leafValues></_>
    <_>
      <internalNodes>
        0 -1 10385 -5.4770917631685734e-04</internalNodes>
      <leafValues>
        6.2907832860946655e-01 -7.9908949136734009e-01</leafValues></_></weakClassifiers></stage6>
</opencv_storage>
