<?xml version="1.0"?>
<opencv_storage>
<stage3>
  <maxWeakCount>3</maxWeakCount>
  <stageThreshold>-1.2821357250213623e+00</stageThreshold>
  <weakClassifiers>
    <_>
      <internalNodes>
        0 -1 83527 1.6934620216488838e-03</internalNodes>
      <leafValues>
        -8.5185188055038452e-01 1.</leafValues></_>
    <_>
      <internalNodes>
        0 -1 116680 -7.4924528598785400e-02</internalNodes>
      <leafValues>
        -8.8955628871917725e-01 7.3009330034255981e-01</leafValues></_>
    <_>
      <internalNodes>
        0 -1 59353 -2.6029911637306213e-01</internalNodes>
      <leafValues>
        -8.9154607057571411e-01 4.5927241444587708e-01</leafValues></_></weakClassifiers></stage3>
</opencv_storage>
