<?xml version="1.0"?>
<opencv_storage>
<stage1>
  <maxWeakCount>2</maxWeakCount>
  <stageThreshold>-4.8975062370300293e-01</stageThreshold>
  <weakClassifiers>
    <_>
      <internalNodes>
        0 -1 119676 -1.1272144503891468e-02</internalNodes>
      <leafValues>
        -8.8461536169052124e-01 6.0000002384185791e-01</leafValues></_>
    <_>
      <internalNodes>
        0 -1 105012 8.2484623417258263e-03</internalNodes>
      <leafValues>
        -8.6221498250961304e-01 3.9486473798751831e-01</leafValues></_></weakClassifiers></stage1>
</opencv_storage>
