<?xml version="1.0"?>
<opencv_storage>
<stage0>
  <maxWeakCount>3</maxWeakCount>
  <stageThreshold>-9.4135457277297974e-01</stageThreshold>
  <weakClassifiers>
    <_>
      <internalNodes>
        0 -1 359 -7.9771660268306732e-02</internalNodes>
      <leafValues>
        1. -8.6915886402130127e-01</leafValues></_>
    <_>
      <internalNodes>
        0 -1 29851 -9.6755877137184143e-02</internalNodes>
      <leafValues>
        7.9017275571823120e-01 -8.8813269138336182e-01</leafValues></_>
    <_>
      <internalNodes>
        0 -1 60697 -4.1956245899200439e-02</internalNodes>
      <leafValues>
        8.1593698263168335e-01 -5.9434664249420166e-01</leafValues></_></weakClassifiers></stage0>
</opencv_storage>
