<?xml version="1.0"?>
<opencv_storage>
<stage2>
  <maxWeakCount>2</maxWeakCount>
  <stageThreshold>-3.3499306440353394e-01</stageThreshold>
  <weakClassifiers>
    <_>
      <internalNodes>
        0 -1 5756 -2.3184216022491455e-01</internalNodes>
      <leafValues>
        1. -8.5185188055038452e-01</leafValues></_>
    <_>
      <internalNodes>
        0 -1 4775 -8.0648593604564667e-02</internalNodes>
      <leafValues>
        5.1685881614685059e-01 -1.</leafValues></_></weakClassifiers></stage2>
</opencv_storage>
