<?xml version="1.0"?>
<opencv_storage>
<stage5>
  <maxWeakCount>3</maxWeakCount>
  <stageThreshold>-1.1536759138107300e+00</stageThreshold>
  <weakClassifiers>
    <_>
      <internalNodes>
        0 -1 101144 3.6357026547193527e-03</internalNodes>
      <leafValues>
        -8.4905660152435303e-01 5.0000000000000000e-01</leafValues></_>
    <_>
      <internalNodes>
        0 -1 121104 -2.9068104922771454e-03</internalNodes>
      <leafValues>
        6.1901056766510010e-01 -7.4755489826202393e-01</leafValues></_>
    <_>
      <internalNodes>
        0 -1 99480 -1.2506092898547649e-03</internalNodes>
      <leafValues>
        4.4293558597564697e-01 -1.</leafValues></_></weakClassifiers></stage5>
</opencv_storage>
