<?xml version="1.0"?>
<opencv_storage>
<stage4>
  <maxWeakCount>2</maxWeakCount>
  <stageThreshold>-4.0375572443008423e-01</stageThreshold>
  <weakClassifiers>
    <_>
      <internalNodes>
        0 -1 170 2.7229735627770424e-02</internalNodes>
      <leafValues>
        -8.3486241102218628e-01 1.</leafValues></_>
    <_>
      <internalNodes>
        0 -1 156260 -2.2594858892261982e-03</internalNodes>
      <leafValues>
        -1. 4.3110665678977966e-01</leafValues></_></weakClassifiers></stage4>
</opencv_storage>
