<?xml version="1.0"?>
<opencv_storage>
<cascade>
  <stageType>BOOST</stageType>
  <featureType>HAAR</featureType>
  <height>24</height>
  <width>24</width>
  <stageParams>
    <boostType>GAB</boostType>
    <minHitRate>9.9500000476837158e-01</minHitRate>
    <maxFalseAlarm>5.0000000000000000e-01</maxFalseAlarm>
    <weightTrimRate>9.4999999999999996e-01</weightTrimRate>
    <maxDepth>1</maxDepth>
    <maxWeakCount>100</maxWeakCount></stageParams>
  <featureParams>
    <maxCatCount>0</maxCatCount>
    <featSize>1</featSize>
    <mode>BASIC</mode></featureParams>
  <stageNum>8</stageNum>
  <stages>
    <!-- stage 0 -->
    <_>
      <maxWeakCount>3</maxWeakCount>
      <stageThreshold>-7.4875563383102417e-01</stageThreshold>
      <weakClassifiers>
        <_>
          <internalNodes>
            0 -1 2 -4.5381575822830200e-01</internalNodes>
          <leafValues>
            1. -8.3486241102218628e-01</leafValues></_>
        <_>
          <internalNodes>
            0 -1 1 -7.3839232325553894e-02</internalNodes>
          <leafValues>
            7.6289236545562744e-01 -7.9887765645980835e-01</leafValues></_>
        <_>
          <internalNodes>
            0 -1 17 -3.1800828874111176e-02</internalNodes>
          <leafValues>
            8.8498443365097046e-01 -5.7552123069763184e-01</leafValues></_></weakClassifiers></_>
    <!-- stage 1 -->
    <_>
      <maxWeakCount>3</maxWeakCount>
      <stageThreshold>-9.6724879741668701e-01</stageThreshold>
      <weakClassifiers>
        <_>
          <internalNodes>
            0 -1 3 -2.0228881388902664e-02</internalNodes>
          <leafValues>
            5.0000000000000000e-01 -8.3018869161605835e-01</leafValues></_>
        <_>
          <internalNodes>
            0 -1 9 -3.0234329402446747e-02</internalNodes>
          <leafValues>
            6.2971746921539307e-01 -6.6120219230651855e-01</leafValues></_>
        <_>
          <internalNodes>
            0 -1 0 -1.7992656677961349e-02</internalNodes>
          <leafValues>
            5.7244747877120972e-01 -7.6677763462066650e-01</leafValues></_></weakClassifiers></_>
    <!-- stage 2 -->
    <_>
      <maxWeakCount>2</maxWeakCount>
      <stageThreshold>-3.5822629928588867e-01</stageThreshold>
      <weakClassifiers>
        <_>
          <internalNodes>
            0 -1 5 -6.1994560062885284e-02</internalNodes>
          <leafValues>
            -8.1818181276321411e-01 1.</leafValues></_>
        <_>
          <internalNodes>
            0 -1 7 -1.4450491871684790e-03</internalNodes>
          <leafValues>
            4.5995551347732544e-01 -1.</leafValues></_></weakClassifiers></_>
    <!-- stage 3 -->
    <_>
      <maxWeakCount>3</maxWeakCount>
      <stageThreshold>-1.1008358001708984e+00</stageThreshold>
      <weakClassifiers>
        <_>
          <internalNodes>
            0 -1 12 -1.0191368637606502e-03</internalNodes>
          <leafValues>
            1. -8.1818181276321411e-01</leafValues></_>
        <_>
          <internalNodes>
            0 -1 15 -4.4374251738190651e-03</internalNodes>
          <leafValues>
            -8.8727986812591553e-01 5.3510087728500366e-01</leafValues></_>
        <_>
          <internalNodes>
            0 -1 6 -4.4926413102075458e-04</internalNodes>
          <leafValues>
            -7.4400436878204346e-01 6.0462588071823120e-01</leafValues></_></weakClassifiers></_>
    <!-- stage 4 -->
    <_>
      <maxWeakCount>2</maxWeakCount>
      <stageThreshold>-6.3318026065826416e-01</stageThreshold>
      <weakClassifiers>
        <_>
          <internalNodes>
            0 -1 4 -1.6601936519145966e-01</internalNodes>
          <leafValues>
            -8.9795917272567749e-01 3.0000001192092896e-01</leafValues></_>
        <_>
          <internalNodes>
            0 -1 19 -1.3416977599263191e-02</internalNodes>
          <leafValues>
            -1. 2.6477891206741333e-01</leafValues></_></weakClassifiers></_>
    <!-- stage 5 -->
    <_>
      <maxWeakCount>3</maxWeakCount>
      <stageThreshold>-1.0976846218109131e+00</stageThreshold>
      <weakClassifiers>
        <_>
          <internalNodes>
            0 -1 16 -3.6324262619018555e-02</internalNodes>
          <leafValues>
            7.1428573131561279e-01 -8.8461536169052124e-01</leafValues></_>
        <_>
          <internalNodes>
            0 -1 18 4.1409018449485302e-03</internalNodes>
          <leafValues>
            -7.6372367143630981e-01 5.3631371259689331e-01</leafValues></_>
        <_>
          <internalNodes>
            0 -1 8 -1.6692075878381729e-02</internalNodes>
          <leafValues>
            7.3067694902420044e-01 -7.4938297271728516e-01</leafValues></_></weakClassifiers></_>
    <!-- stage 6 -->
    <_>
      <maxWeakCount>2</maxWeakCount>
      <stageThreshold>-3.4339046478271484e-01</stageThreshold>
      <weakClassifiers>
        <_>
          <internalNodes>
            0 -1 13 -2.7326492592692375e-02</internalNodes>
          <leafValues>
            6.3636362552642822e-01 -8.3177572488784790e-01</leafValues></_>
        <_>
          <internalNodes>
            0 -1 10 -8.5409283638000488e-02</internalNodes>
          <leafValues>
            4.8838526010513306e-01 -8.7169748544692993e-01</leafValues></_></weakClassifiers></_>
    <!-- stage 7 -->
    <_>
      <maxWeakCount>2</maxWeakCount>
      <stageThreshold>-7.5547212362289429e-01</stageThreshold>
      <weakClassifiers>
        <_>
          <internalNodes>
            0 -1 14 7.4853154364973307e-04</internalNodes>
          <leafValues>
            -8.9247310161590576e-01 3.9999999105930328e-02</leafValues></_>
        <_>
          <internalNodes>
            0 -1 11 -2.0209350623190403e-03</internalNodes>
          <leafValues>
            5.1511269807815552e-01 -7.9547214508056641e-01</leafValues></_></weakClassifiers></_></stages>
  <features>
    <_>
      <rects>
        <_>
          0 14 5 10 -1.</_>
        <_>
          0 19 5 5 2.</_></rects>
      <tilted>0</tilted></_>
    <_>
      <rects>
        <_>
          1 6 14 7 -1.</_>
        <_>
          8 6 7 7 2.</_></rects>
      <tilted>0</tilted></_>
    <_>
      <rects>
        <_>
          3 0 21 7 -1.</_>
        <_>
          10 0 7 7 2.</_></rects>
      <tilted>0</tilted></_>
    <_>
      <rects>
        <_>
          3 0 10 4 -1.</_>
        <_>
          3 2 10 2 2.</_></rects>
      <tilted>0</tilted></_>
    <_>
      <rects>
        <_>
          3 4 9 9 -1.</_>
        <_>
          6 4 3 9 2.</_></rects>
      <tilted>0</tilted></_>
    <_>
      <rects>
        <_>
          3 9 3 12 -1.</_>
        <_>
          4 9 1 12 2.</_></rects>
      <tilted>0</tilted></_>
    <_>
      <rects>
        <_>
          4 20 6 2 -1.</_>
        <_>
          4 21 6 1 2.</_></rects>
      <tilted>0</tilted></_>
    <_>
      <rects>
        <_>
          4 21 7 2 -1.</_>
        <_>
          4 22 7 1 2.</_></rects>
      <tilted>0</tilted></_>
    <_>
      <rects>
        <_>
          5 0 3 2 -1.</_>
        <_>
          6 0 1 2 2.</_></rects>
      <tilted>0</tilted></_>
    <_>
      <rects>
        <_>
          5 10 14 10 -1.</_>
        <_>
          5 10 7 5 2.</_>
        <_>
          12 15 7 5 2.</_></rects>
      <tilted>0</tilted></_>
    <_>
      <rects>
        <_>
          6 1 14 18 -1.</_>
        <_>
          13 1 7 18 2.</_></rects>
      <tilted>0</tilted></_>
    <_>
      <rects>
        <_>
          13 18 10 2 -1.</_>
        <_>
          13 18 5 1 2.</_>
        <_>
          18 19 5 1 2.</_></rects>
      <tilted>0</tilted></_>
    <_>
      <rects>
        <_>
          14 2 2 2 -1.</_>
        <_>
          14 2 1 1 2.</_>
        <_>
          15 3 1 1 2.</_></rects>
      <tilted>0</tilted></_>
    <_>
      <rects>
        <_>
          15 3 6 14 -1.</_>
        <_>
          15 3 3 7 2.</_>
        <_>
          18 10 3 7 2.</_></rects>
      <tilted>0</tilted></_>
    <_>
      <rects>
        <_>
          16 10 4 2 -1.</_>
        <_>
          16 10 2 1 2.</_>
        <_>
          18 11 2 1 2.</_></rects>
      <tilted>0</tilted></_>
    <_>
      <rects>
        <_>
          17 12 3 1 -1.</_>
        <_>
          18 12 1 1 2.</_></rects>
      <tilted>0</tilted></_>
    <_>
      <rects>
        <_>
          18 1 6 2 -1.</_>
        <_>
          20 1 2 2 2.</_></rects>
      <tilted>0</tilted></_>
    <_>
      <rects>
        <_>
          18 8 6 14 -1.</_>
        <_>
          18 8 3 7 2.</_>
        <_>
          21 15 3 7 2.</_></rects>
      <tilted>0</tilted></_>
    <_>
      <rects>
        <_>
          21 14 2 10 -1.</_>
        <_>
          22 14 1 10 2.</_></rects>
      <tilted>0</tilted></_>
    <_>
      <rects>
        <_>
          22 18 2 3 -1.</_>
        <_>
          22 19 2 1 2.</_></rects>
      <tilted>0</tilted></_></features></cascade>
</opencv_storage>
