<?xml version="1.0"?>
<opencv_storage>
<stage5>
  <maxWeakCount>3</maxWeakCount>
  <stageThreshold>-1.0976846218109131e+00</stageThreshold>
  <weakClassifiers>
    <_>
      <internalNodes>
        0 -1 152242 -3.6324262619018555e-02</internalNodes>
      <leafValues>
        7.1428573131561279e-01 -8.8461536169052124e-01</leafValues></_>
    <_>
      <internalNodes>
        0 -1 160960 4.1409018449485302e-03</internalNodes>
      <leafValues>
        -7.6372367143630981e-01 5.3631371259689331e-01</leafValues></_>
    <_>
      <internalNodes>
        0 -1 60443 -1.6692075878381729e-02</internalNodes>
      <leafValues>
        7.3067694902420044e-01 -7.4938297271728516e-01</leafValues></_></weakClassifiers></stage5>
</opencv_storage>
