<?xml version="1.0"?>
<opencv_storage>
<stage7>
  <maxWeakCount>2</maxWeakCount>
  <stageThreshold>-7.5547212362289429e-01</stageThreshold>
  <weakClassifiers>
    <_>
      <internalNodes>
        0 -1 146892 7.4853154364973307e-04</internalNodes>
      <leafValues>
        -8.9247310161590576e-01 3.9999999105930328e-02</leafValues></_>
    <_>
      <internalNodes>
        0 -1 133466 -2.0209350623190403e-03</internalNodes>
      <leafValues>
        5.1511269807815552e-01 -7.9547214508056641e-01</leafValues></_></weakClassifiers></stage7>
</opencv_storage>
