<?xml version="1.0"?>
<opencv_storage>
<stage0>
  <maxWeakCount>3</maxWeakCount>
  <stageThreshold>-7.4875563383102417e-01</stageThreshold>
  <weakClassifiers>
    <_>
      <internalNodes>
        0 -1 38492 -4.5381575822830200e-01</internalNodes>
      <leafValues>
        1. -8.3486241102218628e-01</leafValues></_>
    <_>
      <internalNodes>
        0 -1 19189 -7.3839232325553894e-02</internalNodes>
      <leafValues>
        7.6289236545562744e-01 -7.9887765645980835e-01</leafValues></_>
    <_>
      <internalNodes>
        0 -1 153867 -3.1800828874111176e-02</internalNodes>
      <leafValues>
        8.8498443365097046e-01 -5.7552123069763184e-01</leafValues></_></weakClassifiers></stage0>
</opencv_storage>
