<?xml version="1.0"?>
<opencv_storage>
<stage4>
  <maxWeakCount>2</maxWeakCount>
  <stageThreshold>-6.3318026065826416e-01</stageThreshold>
  <weakClassifiers>
    <_>
      <internalNodes>
        0 -1 41655 -1.6601936519145966e-01</internalNodes>
      <leafValues>
        -8.9795917272567749e-01 3.0000001192092896e-01</leafValues></_>
    <_>
      <internalNodes>
        0 -1 162057 -1.3416977599263191e-02</internalNodes>
      <leafValues>
        -1. 2.6477891206741333e-01</leafValues></_></weakClassifiers></stage4>
</opencv_storage>
