<?xml version="1.0"?>
<opencv_storage>
<stage1>
  <maxWeakCount>3</maxWeakCount>
  <stageThreshold>-9.6724879741668701e-01</stageThreshold>
  <weakClassifiers>
    <_>
      <internalNodes>
        0 -1 38657 -2.0228881388902664e-02</internalNodes>
      <leafValues>
        5.0000000000000000e-01 -8.3018869161605835e-01</leafValues></_>
    <_>
      <internalNodes>
        0 -1 67493 -3.0234329402446747e-02</internalNodes>
      <leafValues>
        6.2971746921539307e-01 -6.6120219230651855e-01</leafValues></_>
    <_>
      <internalNodes>
        0 -1 11184 -1.7992656677961349e-02</internalNodes>
      <leafValues>
        5.7244747877120972e-01 -7.6677763462066650e-01</leafValues></_></weakClassifiers></stage1>
</opencv_storage>
