<?xml version="1.0"?>
<opencv_storage>
<stage2>
  <maxWeakCount>2</maxWeakCount>
  <stageThreshold>-3.5822629928588867e-01</stageThreshold>
  <weakClassifiers>
    <_>
      <internalNodes>
        0 -1 45007 -6.1994560062885284e-02</internalNodes>
      <leafValues>
        -8.1818181276321411e-01 1.</leafValues></_>
    <_>
      <internalNodes>
        0 -1 60315 -1.4450491871684790e-03</internalNodes>
      <leafValues>
        4.5995551347732544e-01 -1.</leafValues></_></weakClassifiers></stage2>
</opencv_storage>
