<?xml version="1.0"?>
<opencv_storage>
<stage3>
  <maxWeakCount>3</maxWeakCount>
  <stageThreshold>-1.1008358001708984e+00</stageThreshold>
  <weakClassifiers>
    <_>
      <internalNodes>
        0 -1 134631 -1.0191368637606502e-03</internalNodes>
      <leafValues>
        1. -8.1818181276321411e-01</leafValues></_>
    <_>
      <internalNodes>
        0 -1 150982 -4.4374251738190651e-03</internalNodes>
      <leafValues>
        -8.8727986812591553e-01 5.3510087728500366e-01</leafValues></_>
    <_>
      <internalNodes>
        0 -1 60182 -4.4926413102075458e-04</internalNodes>
      <leafValues>
        -7.4400436878204346e-01 6.0462588071823120e-01</leafValues></_></weakClassifiers></stage3>
</opencv_storage>
