<?xml version="1.0"?>
<opencv_storage>
<stage6>
  <maxWeakCount>2</maxWeakCount>
  <stageThreshold>-3.4339046478271484e-01</stageThreshold>
  <weakClassifiers>
    <_>
      <internalNodes>
        0 -1 140531 -2.7326492592692375e-02</internalNodes>
      <leafValues>
        6.3636362552642822e-01 -8.3177572488784790e-01</leafValues></_>
    <_>
      <internalNodes>
        0 -1 72040 -8.5409283638000488e-02</internalNodes>
      <leafValues>
        4.8838526010513306e-01 -8.7169748544692993e-01</leafValues></_></weakClassifiers></stage6>
</opencv_storage>
