<?xml version="1.0"?>
<opencv_storage>
<cascade>
  <stageType>BOOST</stageType>
  <featureType>HAAR</featureType>
  <height>24</height>
  <width>24</width>
  <stageParams>
    <boostType>GAB</boostType>
    <minHitRate>9.9500000476837158e-01</minHitRate>
    <maxFalseAlarm>5.0000000000000000e-01</maxFalseAlarm>
    <weightTrimRate>9.4999999999999996e-01</weightTrimRate>
    <maxDepth>1</maxDepth>
    <maxWeakCount>100</maxWeakCount></stageParams>
  <featureParams>
    <maxCatCount>0</maxCatCount>
    <featSize>1</featSize>
    <mode>BASIC</mode></featureParams>
  <stageNum>4</stageNum>
  <stages>
    <!-- stage 0 -->
    <_>
      <maxWeakCount>2</maxWeakCount>
      <stageThreshold>0.</stageThreshold>
      <weakClassifiers>
        <_>
          <internalNodes>
            0 -1 7 -5.1712986081838608e-02</internalNodes>
          <leafValues>
            -9.4174754619598389e-01 1.</leafValues></_>
        <_>
          <internalNodes>
            0 -1 2 -5.0490502268075943e-02</internalNodes>
          <leafValues>
            1. -1.</leafValues></_></weakClassifiers></_>
    <!-- stage 1 -->
    <_>
      <maxWeakCount>2</maxWeakCount>
      <stageThreshold>-3.5595563054084778e-01</stageThreshold>
      <weakClassifiers>
        <_>
          <internalNodes>
            0 -1 0 -4.7732532024383545e-02</internalNodes>
          <leafValues>
            1. -9.2307692766189575e-01</leafValues></_>
        <_>
          <internalNodes>
            0 -1 1 -2.0377650856971741e-01</internalNodes>
          <leafValues>
            5.6712126731872559e-01 -1.</leafValues></_></weakClassifiers></_>
    <!-- stage 2 -->
    <_>
      <maxWeakCount>2</maxWeakCount>
      <stageThreshold>-2.3694023489952087e-01</stageThreshold>
      <weakClassifiers>
        <_>
          <internalNodes>
            0 -1 3 -5.2764236927032471e-01</internalNodes>
          <leafValues>
            -9.6039605140686035e-01 7.1428573131561279e-01</leafValues></_>
        <_>
          <internalNodes>
            0 -1 4 -7.3260483331978321e-03</internalNodes>
          <leafValues>
            -9.5122593641281128e-01 8.0740422010421753e-01</leafValues></_></weakClassifiers></_>
    <!-- stage 3 -->
    <_>
      <maxWeakCount>2</maxWeakCount>
      <stageThreshold>-1.2321354448795319e-01</stageThreshold>
      <weakClassifiers>
        <_>
          <internalNodes>
            0 -1 5 -3.4577876329421997e-02</internalNodes>
          <leafValues>
            1. -9.8019802570343018e-01</leafValues></_>
        <_>
          <internalNodes>
            0 -1 6 -1.7740294337272644e-02</internalNodes>
          <leafValues>
            8.5698449611663818e-01 -9.8038828372955322e-01</leafValues></_></weakClassifiers></_></stages>
  <features>
    <_>
      <rects>
        <_>
          0 0 24 1 -1.</_>
        <_>
          12 0 12 1 2.</_></rects>
      <tilted>0</tilted></_>
    <_>
      <rects>
        <_>
          0 0 12 22 -1.</_>
        <_>
          0 11 12 11 2.</_></rects>
      <tilted>0</tilted></_>
    <_>
      <rects>
        <_>
          0 16 24 6 -1.</_>
        <_>
          0 19 24 3 2.</_></rects>
      <tilted>0</tilted></_>
    <_>
      <rects>
        <_>
          6 0 18 20 -1.</_>
        <_>
          12 0 6 20 2.</_></rects>
      <tilted>0</tilted></_>
    <_>
      <rects>
        <_>
          11 9 6 1 -1.</_>
        <_>
          13 9 2 1 2.</_></rects>
      <tilted>0</tilted></_>
    <_>
      <rects>
        <_>
          12 18 12 5 -1.</_>
        <_>
          18 18 6 5 2.</_></rects>
      <tilted>0</tilted></_>
    <_>
      <rects>
        <_>
          16 16 6 7 -1.</_>
        <_>
          19 16 3 7 2.</_></rects>
      <tilted>0</tilted></_>
    <_>
      <rects>
        <_>
          18 3 6 12 -1.</_>
        <_>
          18 7 6 4 2.</_></rects>
      <tilted>0</tilted></_></features></cascade>
</opencv_storage>
