<?xml version="1.0"?>
<opencv_storage>
<stage3>
  <maxWeakCount>2</maxWeakCount>
  <stageThreshold>-1.2321354448795319e-01</stageThreshold>
  <weakClassifiers>
    <_>
      <internalNodes>
        0 -1 127714 -3.4577876329421997e-02</internalNodes>
      <leafValues>
        1. -9.8019802570343018e-01</leafValues></_>
    <_>
      <internalNodes>
        0 -1 147888 -1.7740294337272644e-02</internalNodes>
      <leafValues>
        8.5698449611663818e-01 -9.8038828372955322e-01</leafValues></_></weakClassifiers></stage3>
</opencv_storage>
