<?xml version="1.0"?>
<opencv_storage>
<stage1>
  <maxWeakCount>2</maxWeakCount>
  <stageThreshold>-3.5595563054084778e-01</stageThreshold>
  <weakClassifiers>
    <_>
      <internalNodes>
        0 -1 808 -4.7732532024383545e-02</internalNodes>
      <leafValues>
        1. -9.2307692766189575e-01</leafValues></_>
    <_>
      <internalNodes>
        0 -1 847 -2.0377650856971741e-01</internalNodes>
      <leafValues>
        5.6712126731872559e-01 -1.</leafValues></_></weakClassifiers></stage1>
</opencv_storage>
