<?xml version="1.0"?>
<opencv_storage>
<stage2>
  <maxWeakCount>2</maxWeakCount>
  <stageThreshold>-2.3694023489952087e-01</stageThreshold>
  <weakClassifiers>
    <_>
      <internalNodes>
        0 -1 71187 -5.2764236927032471e-01</internalNodes>
      <leafValues>
        -9.6039605140686035e-01 7.1428573131561279e-01</leafValues></_>
    <_>
      <internalNodes>
        0 -1 118676 -7.3260483331978321e-03</internalNodes>
      <leafValues>
        -9.5122593641281128e-01 8.0740422010421753e-01</leafValues></_></weakClassifiers></stage2>
</opencv_storage>
