<?xml version="1.0"?>
<opencv_storage>
<stage0>
  <maxWeakCount>2</maxWeakCount>
  <stageThreshold>0.</stageThreshold>
  <weakClassifiers>
    <_>
      <internalNodes>
        0 -1 152894 -5.1712986081838608e-02</internalNodes>
      <leafValues>
        -9.4174754619598389e-01 1.</leafValues></_>
    <_>
      <internalNodes>
        0 -1 12230 -5.0490502268075943e-02</internalNodes>
      <leafValues>
        1. -1.</leafValues></_></weakClassifiers></stage0>
</opencv_storage>
